地域区分,No,地区(大字・町名),施設名称,所在地,洪水,土砂災害,高潮,地震,津波,大規模な火事,内水氾濫・火山現象,指定避難所,混雑度,多目的トイレ,ペット可,車いす対応
namioka,1,王余魚沢,王余魚沢児童館,青森市浪岡大字王余魚沢字北村元29,O,,,X,X,X,O,X,空いている,あり,あり,あり
namioka,2,王余魚沢,王余魚沢小学校跡地,青森市浪岡大字王余魚沢字王余魚沢1,,,,,,,,X,やや空いている,なし,なし,あり
namioka,3,北中野,北中野農村公園,青森市浪岡大字北中野字北195,O,O,,,,,,X,やや混雑,あり,なし,あり
namioka,4,北中野,浪岡北中野公民館,青森市浪岡大字北中野字天27-7,,,,X,,,,X,混雑,あり,なし,なし
namioka,5,北中野,浪岡南小学校,青森市浪岡大字北中野字北3,2階以上,,,,,,,,満員,なし,あり,なし
namioka,6,銀,銀村センター,青森市浪岡大字銀字杉田151,O,O,,,,,,,空いている,あり,なし,あり
namioka,7,郷山前,郷山前農村公園,青森市浪岡大字郷山前字上野30-1,O,O,,,,,,,やや空いている,あり,なし,あり
namioka,8,郷山前,郷山前農村センター,青森市浪岡大字郷山前字上野62-5,O,,,,X,,,,やや混雑,なし,なし,あり
namioka,9,五本松,五本松農村センター,青森市浪岡大字五本松字羽黒平40-1,O,,,,,,,,混雑,あり,あり,なし
namioka,10,五本松,美人川公園,青森市浪岡大字五本松字羽黒平9-2,O,O,,,,,,,満員,あり,なし,なし
namioka,11,下石川,下石川ふれあいセンター,青森市浪岡大字下石川字岡田143-1,O,,,O,X,,,,空いている,なし,なし,あり
namioka,12,下十川,浪岡女鹿沢公民館,青森市浪岡大字下十川字宮本36-1,,,,,,,,,やや空いている,あり,なし,あり
namioka,13,下十川,女鹿沢小学校,青森市浪岡大字下十川字肌田19-2,2階以上,,O,,,,,,やや混雑,あり,あり,あり
namioka,14,大釈迦,旧大栄小学校,青森市浪岡大字大釈迦字前田5-2,O,,,,,,,,混雑,なし,なし,なし
namioka,15,大釈迦,大釈迦駅前会館,青森市浪岡大字大釈迦字前田78-8,,,,,,,,,満員,あり,なし,なし
namioka,16,大釈迦,大釈迦駅前広場,"青森市浪岡大字大釈迦字前田55-20,21",O,O,,,,,,X,空いている,あり,なし,あり
namioka,17,高屋敷,杉高児童館,青森市浪岡大字高屋敷字後田32-1,O,O,,,,,,X,やや空いている,なし,あり,あり
namioka,18,高屋敷,浪岡大杉公民館,青森市浪岡大字高屋敷字安田29-2,X,,,,,,,X,やや混雑,あり,なし,あり
namioka,19,高屋敷/吉野田,障害者支援施設りんどう苑,青森市浪岡大字吉野田字上野74-1,,,,,,,,福祉,混雑,あり,なし,なし
namioka,20,梅沢,特別養護老人ホームゆうゆう,青森市浪岡大字吉野田字村元330-7,X,,,,,,,福祉,満員,なし,なし,なし
namioka,21,梅沢,浪岡野沢公民館,青森市浪岡大字吉野田字村元313-4,O,,,X,,,,X,空いている,あり,あり,あり
namioka,22,柳沢,野沢公園,青森市浪岡大字吉野田字村元382-11,O,,,,,,,X,やや空いている,あり,なし,あり
namioka,23,徳才子,徳才子農村センター,青森市浪岡大字徳才子字福田4-1,O,O,,,,,,,やや混雑,なし,なし,あり
namioka,24,浪岡(大字),中世の館,青森市浪岡大字浪岡字岡田43,X,,,O,,,,,混雑,あり,なし,なし
namioka,25,浪岡(大字),浪岡高等学校,青森市浪岡大字浪岡字稲村101-2,2階以上,,,,,,,,満員,あり,あり,なし
namioka,26,浪岡(大字),浪岡総合公園,青森市浪岡大字浪岡字稲盛16,X,O,,,,,,X,空いている,なし,なし,あり
namioka,27,浪岡(大字),浪岡体育館,青森市浪岡大字浪岡字稲盛93,X,,O,,,,,,やや空いている,あり,なし,あり
namioka,28,浪岡(大字),浪岡茶屋町会館,青森市浪岡大字浪岡字林本79-2,X,,,,,,,,やや混雑,あり,なし,あり
namioka,29,浪岡(大字),浪岡中央公民館,青森市浪岡大字浪岡字稲村101-1,2階以上,O,,,,O,,,混雑,なし,あり,なし
namioka,30,浪岡(大字),浪岡中学校,青森市浪岡大字浪岡字稲盛1,1階以上,,,,,O,O,,満員,あり,なし,なし
namioka,31,浪岡(大字),平川児童館,青森市浪岡大字浪岡字平野174-3,X,,,X,X,X,O,X,空いている,あり,なし,あり
namioka,32,浪岡(大字),平川児童公園,青森市浪岡大字浪岡字平野202-2,,,,,,,,X,やや空いている,なし,なし,あり
namioka,33,浪岡(大字),緑道公園,青森市浪岡大字浪岡字細田131-4外,,,O,,,,,X,やや混雑,あり,あり,あり
namioka,34,福田2丁目,なごやかプラザ福田,青森市浪岡福田二丁目4-3,1階以上,,,,X,,,,混雑,あり,なし,なし
namioka,35,細野,浪岡細野山の家,青森市浪岡大字細野字沢井37-3,,,,,,,,,満員,なし,なし,なし
namioka,36,本郷,本郷農村公園,青森市浪岡大字本郷字岸田17,O,O,O,,,,,X,空いている,あり,なし,あり
namioka,37,増館,増館農村センター,青森市浪岡大字増館字富岡140-2,,O,,,,,,,やや空いている,あり,あり,あり
namioka,38,女鹿沢,西山公園,青森市浪岡大字女鹿沢字野尻14-142,,,,,,,,,やや混雑,なし,なし,あり
namioka,39,女鹿沢,花岡公園,青森市浪岡大字女鹿沢字野尻28-3,,,,,,,,X,混雑,あり,なし,なし
namioka,40,女鹿沢,女鹿沢児童公園,青森市浪岡大字女鹿沢字東富田57-3,,O,,,,,,,満員,あり,なし,なし
namioka,41,吉野田,浪岡野沢小学校,青森市浪岡大字吉野田字平野51-2,O,,,,O,X,,,空いている,なし,あり,あり
namioka,42,吉野田,吉野田児童館,青森市浪岡大字吉野田字木戸口10-1,,,O,,,,,X,やや空いている,あり,なし,あり
namioka,43,吉野田,吉野田農村センター,青森市浪岡大字吉野田字木戸口10-1,,,O,,,,,X,やや混雑,あり,なし,あり
namioka,44,高屋敷,大杉公園,青森市浪岡大字高屋敷字安田35-1,O,,,,,,,,混雑,なし,なし,なし
namioka,45,高屋敷,杉沢農村公園,青森市浪岡大字高屋敷字後田32-1,O,O,O,,,,,,満員,あり,あり,なし
namioka,46,女鹿沢,健康の森花岡プラザ,青森市浪岡大字女鹿沢字野尻14-1,O,O,O,,,,,,空いている,あり,なし,あり
namioka,47,女鹿沢,ダイナム青森浪岡店,青森市浪岡大字女鹿沢字西花岡86-4,X,,,,,,,,やや空いている,なし,なし,あり
namioka,48,女鹿沢,花岡集会所,青森市浪岡大字女鹿沢字野尻14-1,,,,X,,,,X,やや混雑,あり,なし,あり
namioka,49,女鹿沢,花岡農村環境改善センター,青森市浪岡大字女鹿沢字野尻14-1,O,O,O,,,,,,混雑,あり,あり,なし
namioka,50,女鹿沢,女鹿沢児童館,青森市浪岡大字女鹿沢字東富田57-2,,O,,,,,,,満員,なし,なし,なし
namioka,51,女鹿沢,女鹿沢農村センター,青森市浪岡大字女鹿沢字西花岡35,2階以上,O,O,X,,X,,X,空いている,あり,なし,あり
namioka,52,本郷,浪岡本郷公民館,青森市浪岡大字本郷字岸田21-5,2階以上,O,O,X,,X,,X,やや空いている,あり,なし,あり
namioka,53,本郷,本郷小学校,青森市浪岡大字本郷字一本木14,,,O,,,,,O,やや混雑,なし,あり,あり
namioka,54,浪岡(大字),浪岡北小学校,青森市浪岡大字浪岡字淋城29,1階以上,,,,O,X,O,,混雑,あり,なし,なし
nanbu,1,荒川,青森刑務所,青森市大字荒川字藤戸88,X,,X,X,X,X,X,O,満員,あり,なし,なし
nanbu,2,荒川,青森県総合社会教育センター,青森市大字荒川字藤戸119-7,,,O,,,,,,空いている,なし,なし,あり
nanbu,3,荒川,青森県立図書館,青森市大字荒川字藤戸119-7,,,O,,,,,X,やや空いている,あり,あり,あり
nanbu,4,荒川,荒川市民センター,青森市大字荒川字柴田129-1,O,,,,,O,,,やや混雑,あり,なし,あり
nanbu,5,荒川,荒川小学校,青森市大字荒川字柴田92-5,O,,,,,,,,混雑,なし,なし,なし
nanbu,6,牛館,牛館ふれあいセンター,青森市大字牛館字松枝84-3,X,,,,,,,,満員,あり,なし,なし
nanbu,7,大別内,障害者支援施設金浜療護園,青森市大字大別内字野田180,3階以上,,O,,,,,福祉,空いている,あり,あり,あり
nanbu,8,大矢沢,青森県総合学校教育センター,青森市大字大矢沢字野田80-2,O,,O,,,,,,やや空いている,なし,なし,あり
nanbu,9,大矢沢,中央市民センター大矢沢分館,青森市大矢沢字里見35-2,O,,,,,,,,やや混雑,あり,なし,あり
nanbu,10,金浜,荒川小・中学校金浜分教室,青森市大字金浜字伊吹22-1,O,,,,,,O,,混雑,あり,なし,なし
nanbu,11,金浜,荒川中学校,青森市大字金浜字稲田107,2階以上,,,O,X,,,,満員,なし,あり,なし
nanbu,12,合子沢,青森公立大学,青森市大字合子沢字山崎153-4,,,,,,,,,空いている,あり,なし,あり
nanbu,13,合子沢,中央市民センター合子沢分館,青森市大字合子沢字松森93,,,O,,X,,,X,やや空いている,あり,なし,あり
nanbu,14,幸畑(大字),幸畑小学校,青森市大字幸畑字松元50-2,O,,,,,,,,やや混雑,なし,なし,あり
nanbu,15,幸畑2丁目,青森大学,青森市幸畑二丁目3-1,,,,,,,,,混雑,あり,あり,なし
nanbu,16,幸畑2丁目,幸畑福祉館,青森市幸畑二丁目2-2,O,,O,,,,,,満員,あり,なし,なし
nanbu,17,幸畑3丁目,阿部野北公園,青森市幸畑三丁目693,,,,,,,,,空いている,なし,なし,あり
nanbu,18,幸畑3丁目,幸畑中央公園,青森市幸畑三丁目983-2外,,,O,,,,,X,やや空いている,あり,なし,あり
nanbu,19,高田,介護医療院カトレア,青森市大字高田字川瀬110-1,X,,,,,,,福祉,やや混雑,あり,あり,あり
nanbu,20,高田,高田教育福祉センター,青森市大字高田字日野229-1,O,,,,,,,O,混雑,なし,なし,なし
nanbu,21,高田,高田小学校,青森市大字高田字川瀬200-5,X,,,O,,,,O,満員,あり,なし,なし
nanbu,22,高田,特別養護老人ホーム寿幸園,青森市大字高田字川瀬186,,,,,,,,福祉,空いている,あり,なし,あり
nanbu,23,田茂木野,中央市民センター田茂木野分館,青森市大字田茂木野字阿部野77,,,O,,,,,X,やや空いている,なし,あり,あり
nanbu,24,田茂木野,特別養護老人ホーム正寿園,青森市大字田茂木野字阿部野63-2,X,,X,,,,,福祉,やや混雑,あり,なし,あり
nanbu,25,野木,野木ふるさと館,青森市大字野木字山口140-2,,,,,,,,,混雑,あり,なし,なし
nanbu,26,野沢,青森市小牧野遺跡保護センター「縄文の学び舎・小牧野館」(旧野沢小学校),青森市大字野沢字沢部108-3,,,,,,,,,満員,なし,なし,なし
nanbu,27,野尻,青森県身体障がい者福祉センターねむのき会館,青森市大字野尻字今田52-4,,,,,,,,,空いている,あり,あり,あり
nanbu,28,野尻,青森高等技術専門校,青森市大字野尻字今田43-1,,,O,,,,,,やや空いている,あり,なし,あり
nanbu,29,野尻,横内小学校,青森市大字野尻字野田60,O,,,,,,O,,やや混雑,なし,なし,あり
nanbu,30,雲谷,特別養護老人ホーム雲谷木こりの里,青森市大字雲谷字山吹92-170,X,,,,,,,福祉,混雑,あり,なし,なし
nanbu,31,横内,青森中央学院大学,青森市大字横内字神田12-1,O,O,,,,O,X,O,満員,あり,あり,なし
nanbu,32,横内,障害児入所施設八甲学園,青森市大字横内字桜苅63-1,,,X,,,,X,福祉,空いている,なし,なし,あり
nanbu,33,横内,特別養護老人ホーム三思園,青森市大字横内字若草1-1,X,,X,,,X,,福祉,やや空いている,あり,なし,あり
nanbu,34,横内,特別養護老人ホーム朝光苑,青森市大字横内字亀井245-1,X,X,X,X,,,,福祉,やや混雑,あり,なし,あり
nanbu,35,横内,青森中央学院大学(総合グラウンド・サブグラウンド),青森市大字横内字神田12-1,,,,,,,,,混雑,なし,あり,なし
nanbu,36,横内,横内市民センター,青森市大字横内字亀井28-2,O,O,O,,,,,,満員,あり,なし,なし
nanbu,37,幸畑1丁目,幸畑西公園,青森市幸畑一丁目907-1外,O,O,,,,,,,空いている,あり,なし,あり
nanbu,38,幸畑4丁目,幸畑ひばりヶ丘公園,青森市幸畑四丁目228-95,,O,,,,,,X,やや空いている,なし,なし,あり
nanbu,39,高田,太陽台市民館,青森市大字高田字朝日山809-334,,,,O,,,,,やや混雑,あり,あり,あり
nanbu,40,四ッ石,横内中学校,青森市大字四ツ石字里見64-6,O,O,,,,,,O,混雑,あり,なし,なし
nanbu,41,第二問屋町3丁目,八ツ役北公園,青森市第二問屋町三丁目1-44外,O,,,,,O,X,X,満員,なし,なし,なし
nanbu,42,入内,野沢小学校入内分校跡地,青森市大字入内字駒田18-1,,,,O,,,,X,空いている,あり,なし,あり
nanbu,43,問屋町1丁目,青森市はまなす会館,青森市問屋町一丁目10-10,,,O,,,,,X,やや空いている,あり,あり,あり
nanbu,44,野木,野木中央公園,青森市大字野木字山口15-8外,O,,O,O,,,X,O,やや混雑,なし,なし,あり
toubu,1,赤坂1丁目,戸山中学校,青森市赤坂一丁目1-1,O,O,,O,,X,,O,混雑,あり,なし,なし
toubu,2,浅虫,浅虫緑地,青森市大字浅虫字山下368-2外,,,,,,,,,満員,あり,なし,なし
toubu,3,浅虫,割烹旅館さつき 駐車場,青森市大字浅虫字蛍谷71-7,,O,O,,O,,,,空いている,なし,あり,あり
toubu,4,浅虫,旧浅虫小学校(グラウンド),青森市大字浅虫字山下132,O,X,,O,,,,X,やや空いている,あり,なし,あり
toubu,5,浅虫,軽費老人ホーム和幸園,青森市大字浅虫字内野48-1,,X,,X,X,,,福祉,やや混雑,あり,なし,あり
toubu,6,浅虫,軽費老人ホーム和幸園 駐車場,青森市大字浅虫字内野48-1,X,X,O,,,,,,混雑,なし,なし,なし
toubu,7,浅虫,辰巳館 別館,青森市大字浅虫字山下281,2階以上,O,,O,2階以上,,,,満員,あり,あり,なし
toubu,8,浅虫,南部屋 海扇閣,青森市大字浅虫字蛍谷31,X,,X,X,2階以上,X,X,,空いている,あり,なし,あり
toubu,9,浅虫,ホテル秋田屋,青森市大字浅虫字蛍谷293-12,X,,,X,2階以上,,,,やや空いている,なし,なし,あり
toubu,10,浅虫,夢宅寺,青森市大字浅虫字山下208,,X,,,,,,X,やや混雑,あり,なし,あり
toubu,11,浅虫,ゆ〜さ浅虫,青森市大字浅虫字蛍谷341-19,O,O,O,O,2階以上,X,,,混雑,あり,あり,なし
toubu,12,泉野,障害者支援施設 幸養苑,青森市大字泉野字野脇46-61,X,,O,O,,2階以上,,福祉,満員,なし,なし,なし
toubu,13,岡造道2丁目,造道中学校,青森市岡造道二丁目14-1,,,,,,,,,空いている,あり,なし,あり
toubu,14,合浦1丁目,カクヒログループ 体育館(青森市スポーツ会館),青森市合浦一丁目13-1,2階以上,O,2階以上,O,3階以上,X,,,やや空いている,あり,なし,あり
toubu,15,合浦2丁目,合浦公園,青森市合浦二丁目86外,X,,X,,X,,,,やや混雑,なし,あり,あり
toubu,16,久栗坂,旧浅虫中学校,青森市大字久栗坂字浜田129-5,,O,O,,O,,,,混雑,あり,なし,なし
toubu,17,久栗坂,特別養護老人ホームかいふう,青森市大字久栗坂字山辺89-10,X,,,X,,,X,福祉,満員,あり,なし,なし
toubu,18,駒込,青森月見寮,青森市大字駒込字月見野918-3,,,X,,,X,,福祉,空いている,なし,なし,あり
toubu,19,駒込,桐ノ沢公園,青森市大字駒込字桐ノ沢3-1,X,O,,,,,,,やや空いている,あり,あり,あり
toubu,20,駒込,中央市民センター駒込分館,青森市大字駒込字見吉159,O,,,,,,,,やや混雑,あり,なし,あり
toubu,21,駒込,特別養護老人ホームけやきの園,青森市大字駒込字蛍沢387,,,X,,,X,,福祉,混雑,なし,なし,なし
toubu,22,駒込,養護老人ホーム藤ホーム,青森市大字駒込字蛍沢387-3,X,,,,,,X,福祉,満員,あり,なし,なし
toubu,23,小柳3丁目,中央市民センター小柳分館,青森市小柳三丁目3-5,O,O,,,,,,,空いている,あり,あり,あり
toubu,24,小柳4丁目,小柳小学校,青森市小柳四丁目6-1,O,O,,O,,X,,O,やや空いている,なし,なし,あり
toubu,25,自由ヶ丘1丁目,自由ヶ丘西公園,青森市自由ヶ丘一丁目4,,,,,,,,,やや混雑,あり,なし,あり
toubu,26,自由ヶ丘2丁目,自由ヶ丘中央公園,青森市自由ヶ丘二丁目11,X,O,O,O,O,,,,混雑,あり,なし,なし
toubu,27,田屋敷,浜館小学校,青森市大字田屋敷字下り松17,O,O,,O,,,,,満員,なし,あり,なし
toubu,28,茶屋町,合浦小学校,青森市茶屋町32-17,2階以上,O,2階以上,,3階以上,,,,空いている,あり,なし,あり
toubu,29,茶屋町,茶屋町公園,青森市茶屋町32-21,X,O,X,,X,O,O,,やや空いている,あり,なし,あり
toubu,30,佃1丁目,佃福祉館,青森市佃一丁目3-21,X,O,,X,X,O,X,X,やや混雑,なし,なし,あり
toubu,31,佃2丁目,佃小学校,青森市佃二丁目6-1,2階以上,O,O,O,2階以上,X,X,,混雑,あり,あり,なし
toubu,32,造道3丁目,造道小学校,青森市造道三丁目4-16,2階以上,,,,3階以上,,,,満員,あり,なし,なし
toubu,33,戸山,青森商業高等学校,青森市戸山字安原7-1,1階以上,O,,,O,,,,空いている,なし,なし,あり
toubu,34,戸山,中央市民センター戸山分館,青森市大字戸山字赤坂15-5,O,O,,X,X,,,X,やや空いている,あり,なし,あり
toubu,35,中佃2丁目,佃中学校,青森市中佃二丁目7-1,2階以上,,,,,,,,やや混雑,あり,あり,あり
toubu,36,虹ヶ丘1丁目,虹ヶ丘公園,青森市虹ヶ丘一丁目9,O,O,O,,,,,,混雑,なし,なし,なし
toubu,37,花園2丁目,花園町公園,青森市花園二丁目12,X,O,X,,X,,,,満員,あり,なし,なし
toubu,38,浜館(大字),県立保健大学,青森市大字浜館字間瀬58-1,,,,,,X,,,空いている,あり,なし,あり
toubu,39,はまなす1丁目,国家公務員合同宿舎野内住宅,青森市はまなす一丁目2-1外,1階以上,O,O,,3階以上,,,,やや空いている,なし,あり,あり
toubu,40,原別3丁目,青森東高等学校,青森市原別三丁目1-1,1階以上,O,,,2階以上,,,,やや混雑,あり,なし,あり
toubu,41,東造道1丁目,国家公務員合同宿舎造道住宅,青森市東造道一丁目5-1,O,O,,O,2階以上,X,,,混雑,あり,なし,なし
toubu,42,蛍沢3丁目,戸山西小学校,青森市蛍沢三丁目1-1,1階以上,,,,,,,,満員,なし,なし,なし
toubu,43,蛍沢4丁目,戸山市民センター,青森市蛍沢四丁目1-4,1階以上,O,O,,O,,,,空いている,あり,あり,あり
toubu,44,松森3丁目,中央市民センター松森分館,青森市松森三丁目20-14,X,O,,X,X,,,,やや空いている,あり,なし,あり
toubu,45,馬屋尻,青森工業高等学校,青森市大字馬屋尻字清水流204-1,1階以上,,,,,,,,やや混雑,なし,なし,あり
toubu,46,港町3丁目,市営住宅合浦団地,青森市港町三丁目11-5,2階以上,O,2階以上,,3階以上,,,,混雑,あり,なし,なし
toubu,47,宮田,新青森県総合運動公園,青森市大字宮田字高瀬地内,,O,,O,,,,,満員,あり,あり,なし
toubu,48,宮田,東陽小学校,青森市大字宮田字玉水181-1,,,,,,X,,,空いている,なし,なし,あり
toubu,49,宮田,マエダアリーナ(新青森県総合運動公園総合体育館),青森市大字宮田字高瀬22-2,O,O,,,,,,,やや空いている,あり,なし,あり
toubu,50,矢田,特別養護老人ホーム和幸園,青森市大字矢田字下野尻48-3,,,X,,,X,,福祉,やや混雑,あり,なし,あり
toubu,51,矢田前,介護老人保健施設青森ナーシングライフ,青森市大字矢田前字弥生田47-2,,,X,,,X,,福祉,混雑,なし,あり,なし
toubu,52,八幡林,東中学校,青森市大字八幡林字熊谷28,2階以上,,,,,,,,満員,あり,なし,なし
toubu,53,蛍沢3丁目,戸山西公園,青森市蛍沢三丁目17-18,,O,,O,,,,,空いている,あり,なし,あり
toubu,54,蛍沢4丁目,戸山中央公園,青森市蛍沢四丁目48-188,,O,,O,,,,,やや空いている,なし,なし,あり
toubu,55,蛍沢4丁目,戸山南公園,青森市蛍沢四丁目48-26外,X,,,,,,,X,やや混雑,あり,あり,あり
toubu,56,原別(大字),原別小学校,青森市大字原別字袖崎8,1階以上,O,,,O,,,,混雑,あり,なし,なし
toubu,57,原別3丁目,東部市民センター,青森市原別三丁目8-1,1階以上,O,,O,2階以上,,,,満員,なし,なし,なし
toubu,58,港町2丁目,ジャムフレンドクラブ青森,青森市港町二丁目10-23,2階以上,X,2階以上,X,X,,,X,空いている,あり,なし,あり
toubu,59,港町3丁目,介護老人保健施設みちのくの海,青森市港町三丁目6-3,X,X,,X,X,,X,福祉,やや空いている,あり,あり,あり
toubu,60,合浦1丁目,浪打中学校,青森市合浦一丁目11-10,2階以上,O,2階以上,O,3階以上,,,,やや混雑,なし,なし,あり
toubu,61,小柳1丁目,居宅介護支援事業所ふれあい,青森市小柳一丁目17-18,X,,,X,X,X,X,福祉,混雑,あり,なし,なし
toubu,62,小柳1丁目,グループホームふれあい,青森市小柳一丁目17-17,X,,,,,,,福祉,満員,あり,なし,なし
toubu,63,小柳1丁目,デイサービスセンターふれあい,青森市小柳一丁目17-18,,,X,X,,X,,福祉,空いている,なし,あり,あり
toubu,64,小柳4丁目,小柳緑地,青森市小柳四丁目132-1外,X,O,,,,X,,X,やや空いている,あり,なし,あり
toubu,65,小柳6丁目,ほろがけ福祉館,青森市小柳六丁目2-7,,,,,,,,,やや混雑,あり,なし,あり
toubu,66,赤坂1丁目,戸山中央緑地,青森市赤坂一丁目268-180外,X,O,O,,,,,,混雑,なし,なし,なし
toubu,67,赤坂1丁目,戸山東公園,青森市赤坂一丁目59-65,,O,,,,,,,満員,あり,あり,なし
toubu,68,赤坂2丁目,戸山北公園,青森市赤坂二丁目78-263,,,,,X,,,,空いている,あり,なし,あり
toubu,69,造道3丁目,2号遊歩道緑地,青森市造道三丁目〜大字泉野字野脇地内,X,O,,,,,,,やや空いている,なし,なし,あり
toubu,70,造道3丁目,造道福祉館,青森市造道三丁目12-3,,O,,,,,,X,やや混雑,あり,なし,あり
toubu,71,佃2丁目,つくだウェザーパーク,青森市佃二丁目155-16,X,O,,O,X,,,,混雑,あり,あり,なし
toubu,72,浜館(大字),老人ホーム安生園,青森市大字浜館字間瀬85-1,X,,,,,,,福祉,満員,なし,なし,なし
toubu,73,浜館2丁目,はまだて公園,青森市浜館二丁目9-1外,,O,O,O,,,,,空いている,あり,なし,あり
toubu,74,浜館4丁目,えのき公園,青森市浜館四丁目4,O,O,,O,X,,,,やや空いている,あり,なし,あり
toubu,75,野内,野内小学校,青森市大字野内字菊川155,1階以上,O,1階以上,2階以上,X,,,,やや混雑,なし,あり,あり
toubu,76,浪打1丁目,浪打小学校,青森市浪打一丁目4-1,2階以上,O,O,2階以上,,O,X,,混雑,あり,なし,なし
toubu,77,浪打2丁目,青森明の星短期大学,青森市浪打二丁目6-32,2階以上,O,,2階以上,O,,,,満員,あり,なし,なし
chuubu2,1,青葉3丁目,浜田福祉館,青森市青葉三丁目8-1,X,O,,,O,X,O,O,空いている,なし,なし,あり
chuubu2,2,旭町3丁目,片岡福祉館,青森市旭町三丁目7-20,,,,O,,,,,やや空いている,あり,あり,あり
chuubu2,3,浦町,青い森セントラルパーク,青森市大字浦町字橋本335-20外,X,,O,,,,,X,やや混雑,あり,なし,あり
chuubu2,4,浦町,青い森セントラルパーク東広場,青森市大字浦町字奥野102-57-1外,X,,,,O,,,X,混雑,なし,なし,なし
chuubu2,5,浦町,カクヒログループスーパーアリーナ(青森市総合体育館),青森市大字浦町字橋本335-17,,,,,,,,,満員,あり,なし,なし
chuubu2,6,大野,青い森セントラルパーク西広場,青森市大字大野字長島36-53外,O,O,O,,,,,X,空いている,あり,あり,あり
chuubu2,7,大野,大野公園,青森市大字大野字若宮76-1外,O,O,O,,O,,,X,やや空いている,なし,なし,あり
chuubu2,8,大野,大野市民センター,青森市大字大野字若宮71,,O,,,,,,X,やや混雑,あり,なし,あり
chuubu2,9,桂木2丁目,午砲台公園,青森市桂木二丁目12,,,,,,,,,混雑,あり,なし,なし
chuubu2,10,桂木3丁目,桂木北公園,青森市桂木三丁目21,,O,,,O,,,,満員,なし,あり,なし
chuubu2,11,桂木3丁目,奥野なかよし公園,青森市桂木三丁目12,X,,,,O,X,,,空いている,あり,なし,あり
chuubu2,12,金沢1丁目,甲田小学校,青森市金沢一丁目6-1,,,,,,,,,やや空いている,あり,なし,あり
chuubu2,13,金沢3丁目,甲田中学校,青森市金沢三丁目11-1,O,,O,,,,,,やや混雑,なし,なし,あり
chuubu2,14,金沢4丁目,金沢小学校,青森市金沢四丁目5-1,O,,,,O,,,,混雑,あり,あり,なし
chuubu2,15,桜川8丁目,青森高等学校,青森市桜川八丁目1-2,,,,,,,,,満員,あり,なし,なし
chuubu2,16,桜川8丁目,中央市民センター筒井分館,青森市桜川八丁目1-3,X,,,,,,,X,空いている,なし,なし,あり
chuubu2,17,桜川3丁目,筒井中学校,青森市桜川三丁目15-1,2階以上,,,,O,,,,やや空いている,あり,なし,あり
chuubu2,18,筒井(大字),京王台公園,青森市大字筒井字八ッ橋973外,X,,,,,,,X,やや混雑,あり,あり,あり
chuubu2,19,筒井(大字),中央市民センター中筒井分館,青森市大字筒井字桜川87-4,X,,,,,,,,混雑,なし,なし,なし
chuubu2,20,筒井(大字),八ッ橋ニュータウン中央公園,青森市大字筒井字八ッ橋53-4外,,O,,,O,,,,満員,あり,なし,なし
chuubu2,21,筒井1丁目,筒井小学校,青森市筒井一丁目1-1,X,,,,O,,,O,空いている,あり,なし,あり
chuubu2,22,西大野2丁目,青森南高等学校,青森市西大野二丁目12-40,1階以上,,,,,,,,やや空いている,なし,あり,あり
chuubu2,23,西大野5丁目,障害者支援施設こぶし園,青森市西大野五丁目24-11,X,,X,,,,,福祉,やや混雑,あり,なし,あり
chuubu2,24,浜田(大字),盛運輸アリーナ(青森県営スケート場),青森市大字浜田字豊田地内,O,O,O,,O,X,,X,混雑,あり,なし,なし
chuubu2,25,浜田1丁目,浜田ニュータウン西公園,青森市浜田一丁目11,O,,,,,,,X,満員,なし,なし,なし
chuubu2,26,浜田2丁目,浜田ニュータウン東公園,青森市浜田二丁目22-1,,,,,,,,,空いている,あり,あり,あり
chuubu2,27,浜田3丁目,浜田中央公園,青森市浜田三丁目2-1,,,,,,,,,やや空いている,あり,なし,あり
chuubu2,28,東大野1丁目,青森中央高等学校,青森市東大野一丁目22-1,,,,,O,,,,やや混雑,なし,なし,あり
chuubu2,29,東大野1丁目,大野小学校,青森市東大野一丁目3-1,O,O,,,,,O,,混雑,あり,なし,なし
chuubu2,30,東大野1丁目,東大野公園,青森市東大野一丁目14,O,O,O,,O,,O,X,満員,あり,あり,なし
chuubu2,31,緑1丁目,奥野西公園,青森市緑一丁目10,X,O,,,O,X,O,X,空いている,なし,なし,あり
chuubu2,32,緑2丁目,南中学校,青森市緑二丁目6-1,1階以上,,,O,,,,,やや空いている,あり,なし,あり
chuubu2,33,金沢1丁目,青森少年鑑別所,青森市金沢一丁目5-38,O,,O,,,,O,,やや混雑,あり,なし,あり
chuubu2,34,桜川1丁目,桜川八甲緑地,青森市桜川一丁目1,X,,X,,,,,X,混雑,なし,あり,なし
chuubu2,35,桜川4丁目,桜川中央公園,青森市桜川四丁目1296,O,O,O,,,,,X,満員,あり,なし,なし
chuubu2,36,西大野2丁目,明南公園,青森市西大野二丁目2,O,O,O,,,,,,空いている,あり,なし,あり
chuubu2,37,西大野3丁目,大野中央公園,青森市西大野三丁目12,O,O,,,O,,,,やや空いている,なし,なし,あり
chuubu2,38,西大野5丁目,今井公園,青森市西大野五丁目13,,O,,O,,,,X,やや混雑,あり,あり,あり
chuubu2,39,西大野5丁目,特別養護老人ホーム大野和幸園,青森市西大野五丁目16-10,,,,,,,,福祉,混雑,あり,なし,なし
chuubu2,40,大野,鳴滝公園,青森市大字大野字鳴滝64-57外,O,O,,,O,,,,満員,なし,なし,なし
chuubu2,41,筒井(大字),筒井南小学校,青森市大字筒井字八ッ橋46,1階以上,,,,O,X,,,空いている,あり,なし,あり
chuubu2,42,浜田(大字),浜田小学校,青森市大字浜田字豊田36-2,2階以上,,,O,O,,,,やや空いている,あり,あり,あり
chuubu2,43,浜田(大字),マルハン浜田店,青森市浜田字玉川223-1外,2階以上,,O,,,,O,X,やや混雑,なし,なし,あり
chuubu2,44,北金沢2丁目,北金沢公園,青森市北金沢二丁目157-5外,X,,,O,X,X,,X,混雑,あり,なし,なし
chuubu2,45,緑2丁目,奥野中央公園,青森市緑二丁目17-1,,,,,,,,,満員,あり,なし,なし
chuubu,1,青柳2丁目,蜆貝町小学校,青森市青柳二丁目7-25,2階以上,,2階以上,,3階以上,O,X,O,空いている,なし,あり,あり
chuubu,2,奥野3丁目,青森藤こども園,青森市奥野三丁目7-2,,X,X,,X,,,福祉,やや空いている,あり,なし,あり
chuubu,3,奥野3丁目,児童養護施設 聖母園,青森市奥野三丁目7-1,X,,X,,X,,,福祉,やや混雑,あり,なし,あり
chuubu,4,勝田1丁目,高等看護学院,青森市勝田一丁目16-16,2階以上,,1階以上,,2階以上,X,,,混雑,なし,なし,なし
chuubu,5,勝田2丁目,浦町中学校,青森市勝田二丁目25-12,2階以上,,2階以上,,2階以上,,,,満員,あり,あり,なし
chuubu,6,新町1丁目,駅前公園,青森市新町一丁目2-42外,X,O,X,,,,X,,空いている,あり,なし,あり
chuubu,7,新町1丁目,ホテルサンルート青森東館,青森市新町一丁目9-8,,X,X,,3階以上,X,,,やや空いている,なし,なし,あり
chuubu,8,中央2丁目,浦町小学校,青森市中央二丁目17-13,2階以上,,1階以上,,2階以上,X,,,やや混雑,あり,なし,あり
chuubu,9,中央3丁目,青森市総合福祉センター,青森市中央三丁目16-1,2階以上,O,,,2階以上,X,,,混雑,あり,あり,なし
chuubu,10,中央3丁目,アピオあおもり,青森市中央三丁目17-1,2階以上,O,O,O,2階以上,O,O,,満員,なし,なし,なし
chuubu,11,中央3丁目,県民福祉プラザ,青森市中央三丁目20-30,2階以上,O,O,O,2階以上,X,,,空いている,あり,なし,あり
chuubu,12,堤町1丁目,リンクステーションホール青森(青森市文化会館),青森市堤町一丁目4-1,2階以上,,2階以上,O,X,,,,やや空いている,あり,なし,あり
chuubu,13,長島1丁目,青い森公園,青森市長島一丁目2,X,,X,,X,,,,やや混雑,なし,あり,あり
chuubu,14,橋本3丁目,橋本公園,青森市橋本三丁目22,X,O,X,,3階以上,X,,,混雑,あり,なし,なし
chuubu,15,本町4丁目,福祉増進センター,青森市本町四丁目1-3,2階以上,,2階以上,O,X,,,,満員,あり,なし,なし
chuubu,16,松原1丁目,勤労青少年ホーム,青森市松原一丁目6-3,2階以上,O,2階以上,,3階以上,O,,,空いている,なし,なし,あり
chuubu,17,松原1丁目,中央市民センター,青森市松原一丁目6-15,2階以上,O,2階以上,O,,X,,,やや空いている,あり,あり,あり
chuubu,18,松原2丁目,堤小学校,青森市松原二丁目4-4,2階以上,,2階以上,,2階以上,,,,やや混雑,あり,なし,あり
chuubu,19,橋本1丁目,橋本小学校,青森市橋本一丁目9-17,2階以上,O,2階以上,,2階以上,,,,混雑,なし,なし,なし
chuubu,20,古川3丁目,古川市民センター,青森市古川三丁目7-14,1階以上,O,X,,3階以上,,,,満員,あり,なし,なし
chuubu,21,古川3丁目,古川小学校,青森市古川三丁目7-14,1階以上,,,,2階以上,,,,空いている,あり,あり,あり
chuubu,22,勝田1丁目,1号遊歩道緑地,青森市勝田一丁目〜花園二丁目地内,,,,,2階以上,,,,やや空いている,なし,なし,あり
chuubu,23,勝田1丁目,浦町公園,青森市勝田一丁目6,,,,,,,,,やや混雑,あり,なし,あり
chuubu,24,勝田2丁目,勝田公園,青森市勝田二丁目10,X,,,,X,,X,,混雑,あり,なし,なし
chuubu,25,勝田2丁目,地域密着型特別養護老人ホーム 勝田三思園,青森市勝田二丁目20-12,,X,,,X,,,福祉,満員,なし,あり,なし
chuubu,26,勝田2丁目,平和公園,青森市勝田二丁目369-1外,X,,X,O,2階以上,,X,,空いている,あり,なし,あり
chuubu,27,松原2丁目,北斗高等学校,青森市松原二丁目1-24,2階以上,,2階以上,,X,,,,やや空いている,あり,なし,あり
chuubu,28,松原3丁目,松原公園,青森市松原三丁目151-15,X,O,X,,X,X,,,やや混雑,なし,なし,あり
chuubu,29,中央2丁目,中央西公園,青森市中央二丁目17-14,X,O,X,,X,O,X,,混雑,あり,あり,なし
chuubu,30,中央3丁目,サービス付き高齢者向け住宅和幸セントラルハウス,青森市中央三丁目20-10,,X,X,,,,,福祉,満員,あり,なし,なし
chuubu,31,長島2丁目,和幸保育園,青森市長島二丁目1-12,X,,,X,X,X,X,福祉,空いている,なし,なし,あり
chuubu,32,長島3丁目,長島小学校,青森市長島三丁目8-1,2階以上,,1階以上,,2階以上,X,,,やや空いている,あり,なし,あり
chuubu,33,堤町1丁目,ホテル青森,青森市堤町一丁目1-23,X,,X,,3階以上,,,X,やや混雑,あり,あり,あり
chuubu,34,本町1丁目,本町公園,青森市本町一丁目1-18外,X,,X,,X,X,O,X,混雑,なし,なし,なし
chuubu,35,本町2丁目,アートホテル青森,青森市本町二丁目1-26,,X,,X,3階以上,X,X,X,満員,あり,なし,なし
chuubu,36,本町2丁目,青森フォレストホテルアネックス合同会社,青森市本町二丁目5-18,X,,,,2階以上,,,X,空いている,あり,なし,あり
chuubu,37,本町5丁目,アップルパレス青森,青森市本町五丁目1-5,,,,,3階以上,,,,やや空いている,なし,あり,あり
hokubu,1,飛鳥,あすか海岸緑地,青森市大字飛鳥字塩越地内,O,,,,X,X,O,X,やや混雑,あり,なし,あり
hokubu,2,飛鳥,旧西田沢小学校,青森市大字飛鳥字塩越80,,,X,,X,,,X,混雑,あり,なし,なし
hokubu,3,飛鳥,中央市民センター飛鳥分館,青森市大字飛鳥字塩越49-53,,,O,,X,X,,X,満員,なし,なし,なし
hokubu,4,油川,油川小学校,青森市大字油川字船岡36,1階以上,,,,2階以上,,,,空いている,あり,あり,あり
hokubu,5,後潟,中央市民センター後潟分館,青森市大字後潟字平野17-7,,,,,,,,,やや空いている,あり,なし,あり
hokubu,6,岡町,中央市民センター岡町分館,青森市大字岡町字松本7-4,O,O,O,,,,,,やや混雑,なし,なし,あり
hokubu,7,奥内,特別養護老人ホーム外ヶ浜荘,青森市大字奥内字宮田564-2,,X,,,,,,福祉,混雑,あり,なし,なし
hokubu,8,奥内,北部地区農村環境改善センター,青森市大字奥内字宮田41-3,,O,2階以上,O,,,,,満員,あり,あり,なし
hokubu,9,小橋,中央市民センター小橋分館,青森市大字小橋字田川56-5,,,,,,,,,空いている,なし,なし,あり
hokubu,10,四戸橋,障害者支援施設徳誠園,青森市大字四戸橋字磯部243-582,,X,,,,,X,福祉,やや空いている,あり,なし,あり
hokubu,11,清水,北小学校,青森市大字清水字浜元181,O,,1階以上,,3階以上,X,,,やや混雑,あり,なし,あり
hokubu,12,清水,北中学校,青森市大字清水字浜元135-1,,O,,,2階以上,,,,混雑,なし,あり,なし
hokubu,13,清水,中央市民センター内真部分館,青森市大字清水字浜元45-1,,,X,,,,,,満員,あり,なし,なし
hokubu,14,瀬戸子,中央市民センター瀬戸子分館,青森市大字瀬戸子字磯田25,O,,X,,,,,,空いている,あり,なし,あり
hokubu,15,西田沢,障害者支援施設津軽園,青森市大字西田沢字浜田379,O,O,O,,,,,福祉,やや空いている,なし,なし,あり
hokubu,16,西田沢,中央市民センター西田沢分館,青森市大字西田沢字浜田105,,,,,,,,,やや混雑,あり,あり,あり
hokubu,17,羽白,青森北高等学校,青森市大字羽白字高田80-7,,,,,O,,,,混雑,あり,なし,なし
hokubu,18,羽白,油川市民センター,青森市大字羽白字池上197-1,,,,,2階以上,,,,満員,なし,なし,なし
hokubu,19,羽白,油川中学校,青森市大字羽白字沢田471,O,O,O,,2階以上,,,,空いている,あり,なし,あり
hokubu,20,羽白,介護老人保健施設 青照苑,青森市大字羽白字野木和45,O,X,X,,O,,,福祉,やや空いている,あり,あり,あり
hokubu,21,羽白,野木和公園,青森市大字羽白字野木和58-2,,,,,,,,X,やや混雑,なし,なし,あり
hokubu,22,左堰,中央市民センター左堰分館,青森市大字左堰字野田35,,,,O,,X,,,混雑,あり,なし,なし
hokubu,23,六枚橋,旧後潟小学校運動場,青森市大字六枚橋字打越95,,O,X,,,,,X,満員,あり,なし,なし
hokubu,24,六枚橋,旧後潟小学校校舎,青森市大字六枚橋字打越95,O,,2階以上,,3階以上,X,O,X,空いている,なし,あり,あり
hokubu,25,四戸橋,青森市農業振興センター,青森市大字四戸橋字磯部243-319,,,,,,X,,X,やや空いている,あり,なし,あり
