番号,施設名称,所在地
1,青森北高等学校,青森市大字羽白字富田80-7
2,青森工業高等学校,青森市大字馬屋尻字清水流204-1
3,荒川市民センター,青森市大字荒川字柴田129-1
4,荒川小学校,青森市大字荒川字柴田92-5
5,荒川中学校,青森市大字金浜字稲田107
6,荒川小・中学校金浜分教室,青森市大字金浜字伊吹22-1
7,泉川小学校,青森市大字浪館字泉川1-1
8,大野市民センター,青森市大字大野字若宮71
9,大野小学校,青森市東大野一丁目3-1
10,旧浅虫中学校,青森市大字久栗坂字浜田129-5
11,青森市小牧野遺跡保護センター「縄文の学び舎・小牧野館」（旧野沢小学校）,青森市大字野沢字沢部108-3
12,金沢小学校,青森市金沢四丁目5-1
13,甲田小学校,青森市金沢一丁目6-1
14,甲田中学校,青森市金沢三丁目11-1
15,幸畑小学校,青森市大字幸畑字松元50-2
16,小柳小学校,青森市小柳四丁目6-1
17,三内小学校,青森市里見一丁目9-1
18,三内中学校,青森市大字三内字丸山108-4
19,三内西小学校,青森市大字三内字丸山86-1
20,新城小学校,青森市大字新城字平岡266-14
21,新城中央小学校,青森市大字新城字平岡141-1
22,新城中学校,青森市大字新城字平岡160
23,西部市民センター,青森市大字新城字平岡163-22
24,高田小学校,青森市大字高田字川瀬200-5
25,中央市民センター鶴ヶ坂分館,青森市大字鶴ヶ坂字田川148-2
26,佃中学校,青森市中佃二丁目7-1
27,筒井小学校,青森市筒井一丁目1-1
28,筒井中学校,青森市桜川八丁目15-1
29,筒井南小学校,青森市大字筒井字八ッ橋46-1
30,東陽小学校,青森市大字宮田字玉水181-1
31,戸山市民センター,青森市蛍沢四丁目1-4
32,戸山中学校,青森市赤坂一丁目1-1
33,戸山西小学校,青森市蛍沢三丁目1-1
34,浪館小学校,青森市浪館前田三丁目23-1
35,西中学校,青森市大字浪館字志田36
36,浜田小学校,青森市大字浜田字豊田36-2
37,浜館小学校,青森市大字田屋敷字下り松17
38,原別小学校,青森市大字原別字袖崎8
39,東中学校,青森市大字八幡林字熊谷28
40,孫内農村センター,青森市大字孫内字北原140-1
41,南中学校,青森市緑二丁目6-1
42,横内市民センター,青森市大字横内字亀井28-2
43,横内小学校,青森市大字野尻字野田60
44,横内中学校,青森市大字四ツ石字里見64-6
45,旧大栄小学校,青森市浪岡大字大釈迦字前田5-2
46,浪岡北小学校,青森市浪岡大字浪岡字淋城29
47,浪岡中央公民館,青森市浪岡大字浪岡字稲村101-1
48,浪岡中学校,青森市浪岡大字浪岡字稲盛1
49,浪岡野沢小学校,青森市浪岡大字吉野田字平野51-2
50,浪岡南小学校,青森市浪岡大字北中野字北畠3
51,本郷小学校,青森市浪岡大字本郷字一本柳4
52,女鹿沢小学校,青森市浪岡大字下十川字扇田19-2
53,カクヒログループスーパーアリーナ（青森市総合体育館）,青森市大字浦町字橋本335-17
54,夢宅寺,青森市大字浅虫字山下208
55,青森市農業振興センター,青森市大字四戸橋字磯部243-319
